id,username,firstname,lastname,email,password
100,Fred,Jorry,Persse,Jorry.Persse@yopmail.com,123
101,Goldie,Helsa,Vary,Helsa.Vary@yopmail.com,123
102,Blondelle,Jenda,Bari,Jenda.Bari@yopmail.com,123
103,Lisette,Florie,Daveta,Florie.Daveta@yopmail.com,123
104,Tani,Kial,Colleen,Kial.Colleen@yopmail.com,123
105,Corly,Sibella,Tamar,Sibella.Tamar@yopmail.com,123
106,Joleen,Alyda,Parette,Alyda.Parette@yopmail.com,123
107,Millie,Lacie,Kinnard,Lacie.Kinnard@yopmail.com,123
108,Dorene,Agnese,Anderea,Agnese.Anderea@yopmail.com,123
